UTC Time,Latitude,Longitude,Altitude
2023-09-12T23:20:04.341,,,
2023-09-12T23:20:05.342,,,
2023-09-12T23:20:06.343,0.0,0.0,0.457
2023-09-12T23:20:07.346,0.0,0.0,0.203
2023-09-12T23:20:08.348,0.0,0.0,0.2
2023-09-12T23:20:09.350,0.0,0.0,0.2
2023-09-12T23:20:10.351,0.0,0.0,0.262
2023-09-12T23:20:11.353,0.0,0.0,-0.096
2023-09-12T23:20:12.355,0.0,0.0,0.025
2023-09-12T23:20:13.357,0.0,0.0,0.087
2023-09-12T23:20:14.358,0.0,0.0,0.113
2023-09-12T23:20:15.360,0.0,0.0,0.214
2023-09-12T23:20:16.362,0.0,0.0,0.019
2023-09-12T23:20:17.363,0.0,0.0,0.197
2023-09-12T23:20:18.365,0.0,0.0,-0.259
2023-09-12T23:20:19.367,0.0,0.0,0.121
2023-09-12T23:20:20.370,0.0,0.0,0.005
2023-09-12T23:20:21.371,0.0,0.0,0.062
2023-09-12T23:20:22.373,0.0,0.0,0.132
2023-09-12T23:20:23.375,0.0,0.0,0.132
2023-09-12T23:20:24.376,0.0,0.0,0.115
2023-09-12T23:20:25.378,0.0,0.0,0.454
2023-09-12T23:20:26.380,0.0,0.0,0.341
2023-09-12T23:20:27.382,0.0,0.0,0.33
2023-09-12T23:20:28.384,0.0,0.0,0.243
2023-09-12T23:20:29.385,0.0,0.0,0.124
2023-09-12T23:20:30.387,50.7529348,6.0723379,0.296
2023-09-12T23:20:31.390,50.7529511,6.0723186,0.228
2023-09-12T23:20:32.392,50.7529722,6.0722997,0.322
2023-09-12T23:20:33.394,50.7530063,6.0722893,0.358
2023-09-12T23:20:34.396,50.7530232,6.0722957,0.302
2023-09-12T23:20:35.397,50.7530232,6.0722957,0.248
2023-09-12T23:20:36.397,50.7530232,6.0722957,-0.039
2023-09-12T23:20:37.399,50.7531089,6.0723834,0.259
2023-09-12T23:20:38.401,50.7531026,6.0723815,0.35
2023-09-12T23:20:39.403,50.7531213,6.0723895,0.226
2023-09-12T23:20:40.405,50.7531458,6.0723878,0.381
2023-09-12T23:20:41.407,50.7531326,6.0723806,0.339
2023-09-12T23:20:42.409,50.7531425,6.0723772,0.333
2023-09-12T23:20:43.411,50.7531552,6.0723723,0.353
2023-09-12T23:20:44.414,50.753139,6.0723647,0.361
2023-09-12T23:20:45.416,50.7531391,6.0723668,0.064
2023-09-12T23:20:46.418,50.7531427,6.0723686,0.452
2023-09-12T23:20:47.420,50.7531032,6.0723568,0.042
2023-09-12T23:20:48.422,50.7531044,6.0723568,0.214
2023-09-12T23:20:49.424,50.7531064,6.0723558,-0.028
2023-09-12T23:20:50.425,50.7530675,6.0723495,0.341
2023-09-12T23:20:51.427,50.7530632,6.0723521,0.002
2023-09-12T23:20:52.427,50.7530596,6.0723542,0.457
2023-09-12T23:20:53.429,50.7530486,6.0723621,0.291
2023-09-12T23:20:54.430,50.7530419,6.0723659,0.364
2023-09-12T23:20:55.431,50.753038,6.072379,0.07
2023-09-12T23:20:56.433,50.7530364,6.0723879,0.129
2023-09-12T23:20:57.434,50.7529607,6.0723838,0.081
2023-09-12T23:20:58.435,50.7528141,6.0723679,0.305
2023-09-12T23:20:59.439,50.7527565,6.0723623,0.347
2023-09-12T23:21:00.441,50.7527197,6.072361,0.291
2023-09-12T23:21:01.442,50.7526945,6.0723613,0.429
2023-09-12T23:21:02.443,50.7526747,6.0723605,0.155
2023-09-12T23:21:03.445,50.7526574,6.0723589,0.138
2023-09-12T23:21:04.446,50.7526451,6.0723588,0.257
2023-09-12T23:21:05.448,50.752622,6.0723566,0.194
2023-09-12T23:21:06.449,50.7526256,6.0723585,0.454
2023-09-12T23:21:07.451,50.7526289,6.0723596,0.203
2023-09-12T23:21:08.452,50.7526413,6.0723618,0.291
2023-09-12T23:21:09.454,50.7526449,6.0723616,0.217
2023-09-12T23:21:10.456,50.7526463,6.0723618,0.336
2023-09-12T23:21:11.458,50.7526492,6.0723602,0.57
2023-09-12T23:21:12.459,50.7526539,6.0723594,0.44
2023-09-12T23:21:13.461,50.7526564,6.072361,0.437
2023-09-12T23:21:14.462,50.7526572,6.0723612,0.463
2023-09-12T23:21:15.464,50.75266,6.0723623,0.412
2023-09-12T23:21:16.465,50.7526624,6.0723646,0.146
2023-09-12T23:21:17.467,50.7526624,6.072367,0.104
2023-09-12T23:21:18.468,50.7526622,6.072373,0.488
2023-09-12T23:21:19.471,50.7526595,6.0723765,0.324
2023-09-12T23:21:20.475,50.7526551,6.0723798,0.361
2023-09-12T23:21:21.478,50.7526547,6.0723824,0.322
2023-09-12T23:21:22.481,50.7526504,6.0723839,0.33
2023-09-12T23:21:23.484,50.7526471,6.0723854,0.406
2023-09-12T23:21:24.487,50.7526406,6.0723844,0.141
2023-09-12T23:21:25.492,50.7526407,6.072385,0.271
2023-09-12T23:21:26.494,50.7526387,6.0723856,0.545
2023-09-12T23:21:27.499,50.7526447,6.0723862,0.129
2023-09-12T23:21:28.501,50.7526477,6.0723878,0.384
2023-09-12T23:21:29.502,50.7526561,6.0723909,0.556
2023-09-12T23:21:30.505,50.7526608,6.0723927,0.279
2023-09-12T23:21:31.507,50.7526666,6.0723943,0.169
2023-09-12T23:21:32.508,50.7526634,6.0723936,0.429
2023-09-12T23:21:33.511,50.7526515,6.0723891,0.437
2023-09-12T23:21:34.513,50.7526581,6.0723866,0.579
2023-09-12T23:21:35.514,50.7526625,6.0723829,0.291
2023-09-12T23:21:36.515,50.7526803,6.0723814,0.302
2023-09-12T23:21:37.517,50.7526943,6.0723787,0.347
2023-09-12T23:21:38.519,50.75269,6.0723716,0.415
2023-09-12T23:21:39.521,50.7526828,6.0723729,0.514
2023-09-12T23:21:40.522,50.7526831,6.0723855,0.46
2023-09-12T23:21:41.523,50.7526968,6.0723782,0.259
2023-09-12T23:21:42.526,50.7527285,6.0723522,0.474
2023-09-12T23:21:43.529,50.7527338,6.07235,0.457
2023-09-12T23:21:44.532,50.7527309,6.0723504,0.254
2023-09-12T23:21:45.536,50.7527402,6.0723399,0.593
2023-09-12T23:21:46.538,50.7527427,6.0723438,0.449
2023-09-12T23:21:47.539,50.7527379,6.0723473,0.46
2023-09-12T23:21:48.540,50.7527334,6.0723542,0.384
2023-09-12T23:21:49.542,50.7527401,6.0723519,0.401
2023-09-12T23:21:50.543,50.7527475,6.0723409,0.528
2023-09-12T23:21:51.546,50.7527554,6.0723336,0.296
2023-09-12T23:21:52.547,50.7527627,6.0723264,0.282
2023-09-12T23:21:53.549,50.7527669,6.0723224,0.324
2023-09-12T23:21:54.551,50.7527658,6.072325,0.469
2023-09-12T23:21:55.553,50.7527522,6.0723411,0.457
2023-09-12T23:21:56.554,50.7527442,6.0723525,0.344
2023-09-12T23:21:57.556,50.7527408,6.0723546,0.426
2023-09-12T23:21:58.557,50.7527514,6.072345,0.466
2023-09-12T23:21:59.559,50.7527634,6.0723362,0.449
2023-09-12T23:22:00.562,50.752769,6.0723309,0.217
2023-09-12T23:22:01.565,50.7527676,6.0723335,0.508
2023-09-12T23:22:02.567,50.7527837,6.0723226,0.418
2023-09-12T23:22:03.569,50.7527826,6.0723251,0.613
2023-09-12T23:22:04.571,50.7527817,6.0723284,0.358
2023-09-12T23:22:05.573,50.7527855,6.0723278,0.584
2023-09-12T23:22:06.575,50.7527905,6.0723275,0.737
2023-09-12T23:22:07.577,50.7527934,6.072325,0.542
2023-09-12T23:22:08.578,50.7527997,6.0723226,0.378
2023-09-12T23:22:09.581,50.7528083,6.0723204,0.378
2023-09-12T23:22:10.583,50.752816,6.0723206,0.429
2023-09-12T23:22:11.584,50.7528199,6.0723205,0.522
2023-09-12T23:22:12.585,50.7528022,6.0723357,0.525
2023-09-12T23:22:13.587,50.7528004,6.0723386,0.635
2023-09-12T23:22:14.589,50.7528025,6.0723354,0.259
2023-09-12T23:22:15.591,50.7528007,6.0723346,0.44
2023-09-12T23:22:16.591,50.7527961,6.0723366,0.641
2023-09-12T23:22:17.593,50.7527853,6.0723427,0.389
2023-09-12T23:22:18.595,50.7527804,6.072347,0.398
2023-09-12T23:22:19.596,50.7527825,6.072344,0.505
2023-09-12T23:22:20.598,50.7527854,6.0723379,0.437
2023-09-12T23:22:21.599,50.7527893,6.0723335,0.446
2023-09-12T23:22:22.601,50.752782,6.0723395,0.483
2023-09-12T23:22:23.602,50.7527799,6.0723395,0.539
2023-09-12T23:22:24.603,50.7527842,6.0723385,0.525
2023-09-12T23:22:25.605,50.7527804,6.07234,0.313
2023-09-12T23:22:26.606,50.7527737,6.0723422,0.172
2023-09-12T23:22:27.607,50.752772,6.0723426,0.291
2023-09-12T23:22:28.609,50.7527678,6.0723452,0.384
2023-09-12T23:22:29.610,50.7527615,6.0723502,0.421
2023-09-12T23:22:30.612,50.7527568,6.0723534,0.178
2023-09-12T23:22:31.613,50.7527624,6.0723518,0.161
2023-09-12T23:22:32.615,50.7527639,6.0723525,0.104
2023-09-12T23:22:33.616,50.7527633,6.0723554,0.553
2023-09-12T23:22:34.618,50.7527674,6.0723534,0.604
2023-09-12T23:22:35.619,50.7527642,6.0723559,0.469
2023-09-12T23:22:36.621,50.7527649,6.0723575,0.389
2023-09-12T23:22:37.623,50.7527552,6.0723613,0.44
2023-09-12T23:22:38.625,50.7527574,6.0723657,0.46
2023-09-12T23:22:39.627,50.7527624,6.0723704,0.576
2023-09-12T23:22:40.629,50.7527622,6.0723755,0.364
2023-09-12T23:22:41.631,50.7527571,6.0723791,0.587
2023-09-12T23:22:42.632,50.7527616,6.0723791,0.573
2023-09-12T23:22:43.633,50.7527647,6.0723781,0.647
2023-09-12T23:22:44.635,50.7527679,6.0723783,0.57
2023-09-12T23:22:45.637,50.7527685,6.0723747,0.449
2023-09-12T23:22:46.639,50.7527742,6.0723739,0.737
2023-09-12T23:22:47.642,50.7527793,6.0723749,0.641
2023-09-12T23:22:48.643,50.7527805,6.0723759,0.745
2023-09-12T23:22:49.645,50.7527793,6.0723796,0.545
2023-09-12T23:22:50.647,50.7527802,6.0723794,0.471
2023-09-12T23:22:51.650,50.7527742,6.0723793,0.878
2023-09-12T23:22:52.652,50.7527729,6.0723838,0.638
2023-09-12T23:22:53.653,50.7527692,6.0723827,0.729
2023-09-12T23:22:54.656,50.7527734,6.0723803,0.717
2023-09-12T23:22:55.659,50.752774,6.0723802,0.562
2023-09-12T23:22:56.661,50.7527783,6.0723733,0.799
2023-09-12T23:22:57.663,50.7527851,6.0723666,0.731
2023-09-12T23:22:58.666,50.7527872,6.0723668,0.669
2023-09-12T23:22:59.668,50.7527828,6.0723733,0.686
2023-09-12T23:23:00.671,50.7527817,6.0723789,0.898
2023-09-12T23:23:01.673,50.7527824,6.0723811,0.921
2023-09-12T23:23:02.676,50.7527722,6.0723845,0.675
2023-09-12T23:23:03.678,50.752761,6.0723806,0.878
2023-09-12T23:23:04.679,50.7527582,6.0723807,0.805
2023-09-12T23:23:05.681,50.7527552,6.0723789,0.878
2023-09-12T23:23:06.682,50.7527572,6.0723813,0.556
2023-09-12T23:23:07.685,50.7527594,6.072384,0.884
2023-09-12T23:23:08.689,50.7527577,6.0723878,0.74
2023-09-12T23:23:09.691,50.7527626,6.0723864,0.729
2023-09-12T23:23:10.695,50.7527568,6.0723891,0.926
2023-09-12T23:23:11.698,50.7527624,6.072392,0.827
2023-09-12T23:23:12.701,50.7527643,6.0723913,0.994
2023-09-12T23:23:13.703,50.7527703,6.0723968,0.867
2023-09-12T23:23:14.707,50.75277,6.0723986,0.873
2023-09-12T23:23:15.709,50.7527673,6.0723986,1.028
2023-09-12T23:23:16.711,50.752768,6.0724068,0.938
2023-09-12T23:23:17.715,50.7527729,6.072405,0.774
2023-09-12T23:23:18.717,50.7527933,6.0724199,0.929
2023-09-12T23:23:19.722,50.7527873,6.0724237,0.607
2023-09-12T23:23:20.726,50.7527775,6.0724237,1.039
2023-09-12T23:23:21.730,50.7527681,6.0724245,1.025
2023-09-12T23:23:22.732,50.7527674,6.0724301,0.695
2023-09-12T23:23:23.735,50.752782,6.0724384,1.051
2023-09-12T23:23:24.739,50.7527934,6.0724504,0.983
2023-09-12T23:23:25.741,50.7527884,6.0724519,0.74
2023-09-12T23:23:26.743,50.7527832,6.0724507,0.946
2023-09-12T23:23:27.744,50.7527805,6.0724556,0.81
2023-09-12T23:23:28.747,50.7527785,6.0724629,0.926
2023-09-12T23:23:29.750,50.7527683,6.0724625,0.794
2023-09-12T23:23:30.755,50.7527643,6.072466,0.712
2023-09-12T23:23:31.759,50.7527614,6.0724598,0.966
2023-09-12T23:23:32.762,50.7527523,6.0724548,0.794
2023-09-12T23:23:33.765,50.7527816,6.0724689,0.678
2023-09-12T23:23:34.767,50.7528365,6.0724944,0.731
2023-09-12T23:23:35.768,50.752894,6.0725279,0.743
2023-09-12T23:23:36.771,50.7528866,6.0725207,0.952
2023-09-12T23:23:37.774,50.7528829,6.0725159,1.003
2023-09-12T23:23:38.777,50.7528811,6.0725059,1.017
2023-09-12T23:23:39.780,50.7528807,6.0725046,0.986
2023-09-12T23:23:40.782,50.7528779,6.0725008,0.661
2023-09-12T23:23:41.785,50.752872,6.0725019,0.522
2023-09-12T23:23:42.790,50.7528695,6.0724989,0.943
2023-09-12T23:23:43.791,50.7528638,6.0724972,0.508
2023-09-12T23:23:44.793,50.7528508,6.072495,0.627
2023-09-12T23:23:45.795,50.752847,6.0724926,0.83
2023-09-12T23:23:46.796,50.752845,6.072492,0.618
2023-09-12T23:23:47.799,50.7528412,6.0724947,0.83
2023-09-12T23:23:48.801,50.7528298,6.0724858,0.717
2023-09-12T23:23:49.804,50.7528208,6.0724789,0.991
2023-09-12T23:23:50.805,50.752819,6.0724762,0.587
2023-09-12T23:23:51.808,50.7528169,6.0724694,0.887
2023-09-12T23:23:52.810,50.7528132,6.0724652,0.782
2023-09-12T23:23:53.813,50.752811,6.0724659,0.644
2023-09-12T23:23:54.815,50.7528087,6.0724639,0.672
2023-09-12T23:23:55.817,50.7528061,6.0724675,0.748
2023-09-12T23:23:56.818,50.7528064,6.0724671,0.737
2023-09-12T23:23:57.821,50.752805,6.0724741,0.949
2023-09-12T23:23:58.822,50.7528025,6.0724711,0.946
2023-09-12T23:23:59.824,50.7527954,6.072473,0.842
2023-09-12T23:24:00.827,50.7527908,6.0724608,0.949
2023-09-12T23:24:01.829,50.7527862,6.0724524,0.743
2023-09-12T23:24:02.831,50.7527828,6.0724449,0.955
2023-09-12T23:24:03.832,50.7527781,6.0724385,0.85
2023-09-12T23:24:04.834,50.7527759,6.0724436,0.669
2023-09-12T23:24:05.835,50.7527709,6.0724339,0.991
2023-09-12T23:24:06.837,50.7527654,6.0724289,0.966
2023-09-12T23:24:07.839,50.7527615,6.0724308,0.81
2023-09-12T23:24:08.841,50.7527574,6.0724348,0.695
2023-09-12T23:24:09.843,50.7527559,6.0724333,1.042
2023-09-12T23:24:10.845,50.7527557,6.0724382,0.946
2023-09-12T23:24:11.848,50.7527525,6.0724366,1.073
2023-09-12T23:24:12.849,50.752749,6.0724371,0.884
2023-09-12T23:24:13.851,50.7527466,6.0724365,1.034
2023-09-12T23:24:14.853,50.7527448,6.0724417,0.81
2023-09-12T23:24:15.855,50.7527443,6.0724382,0.895
2023-09-12T23:24:16.857,50.7527434,6.0724414,0.991
2023-09-12T23:24:17.859,50.7527441,6.0724467,0.921
2023-09-12T23:24:18.860,50.7527452,6.0724634,0.844
2023-09-12T23:24:19.862,50.7527443,6.0724746,0.935
2023-09-12T23:24:20.864,50.7527435,6.0724761,0.87
2023-09-12T23:24:21.865,50.7527421,6.0724784,0.966
2023-09-12T23:24:22.867,50.7527416,6.0724836,0.912
2023-09-12T23:24:23.869,50.7527409,6.0724852,0.785
2023-09-12T23:24:24.872,50.7527395,6.0724857,0.808
2023-09-12T23:24:25.874,50.7527333,6.0724861,0.89
2023-09-12T23:24:26.876,50.752728,6.07249,0.833
2023-09-12T23:24:27.878,50.7527259,6.0724936,0.994
2023-09-12T23:24:28.879,50.7527209,6.0724961,1.005
2023-09-12T23:24:29.881,50.7527194,6.0725045,1.167
2023-09-12T23:24:30.883,50.7527184,6.0725138,1.065
2023-09-12T23:24:31.886,50.7527163,6.0725197,0.898
2023-09-12T23:24:32.888,50.752715,6.0725237,0.83
2023-09-12T23:24:33.890,50.7527135,6.0725308,1.319
2023-09-12T23:24:34.892,50.7527102,6.0725265,1.062
2023-09-12T23:24:35.893,50.7527062,6.0725206,0.864
2023-09-12T23:24:36.896,50.7527081,6.0725228,1.104
2023-09-12T23:24:37.898,50.7527076,6.0725239,1.181
2023-09-12T23:24:38.900,50.7527076,6.0725189,1.014
2023-09-12T23:24:39.903,50.7527042,6.0725174,0.805
2023-09-12T23:24:40.905,50.7527,6.0725103,1.005
2023-09-12T23:24:41.907,50.7527001,6.0725029,1.336
2023-09-12T23:24:42.910,50.7527017,6.0724991,1.102
2023-09-12T23:24:43.912,50.7527014,6.0724918,1.0
2023-09-12T23:24:44.915,50.7527004,6.0724842,1.282
2023-09-12T23:24:45.918,50.7526981,6.0724797,1.093
2023-09-12T23:24:46.920,50.7526964,6.0724727,1.212
2023-09-12T23:24:47.922,50.7526964,6.0724657,1.243
2023-09-12T23:24:48.925,50.7526925,6.0724607,0.932
2023-09-12T23:24:49.927,50.7526931,6.0724486,1.022
2023-09-12T23:24:50.930,50.7526979,6.072434,0.966
2023-09-12T23:24:51.933,50.7526986,6.0724262,1.099
2023-09-12T23:24:52.935,50.7526908,6.0724227,0.881
2023-09-12T23:24:53.940,50.752684,6.0724207,1.175
2023-09-12T23:24:54.942,50.7526776,6.0724186,0.96
2023-09-12T23:24:55.943,50.7526635,6.0724291,1.102
2023-09-12T23:24:56.945,50.7526625,6.0724346,0.977
2023-09-12T23:24:57.946,50.752666,6.0724261,1.093
2023-09-12T23:24:58.947,50.7526715,6.0724149,1.022
2023-09-12T23:24:59.949,50.7526711,6.0724166,1.22
2023-09-12T23:25:00.950,50.7526684,6.0724153,1.042
2023-09-12T23:25:01.952,50.7526764,6.0724035,0.892
2023-09-12T23:25:02.955,50.7526795,6.0723924,1.003
2023-09-12T23:25:03.958,50.7526867,6.0723886,0.974
2023-09-12T23:25:04.959,50.7526747,6.0723864,1.167
2023-09-12T23:25:05.961,50.7526804,6.0723814,1.059
2023-09-12T23:25:06.964,50.7526757,6.0723804,1.186
2023-09-12T23:25:07.965,50.7526767,6.0723786,1.062
2023-09-12T23:25:08.966,50.7526676,6.0723868,1.022
2023-09-12T23:25:09.968,50.7526703,6.0723843,1.017
2023-09-12T23:25:10.972,50.7526733,6.0723797,1.248
2023-09-12T23:25:11.974,50.7526857,6.0723653,0.777
2023-09-12T23:25:12.976,50.7526914,6.0723638,1.087
2023-09-12T23:25:13.979,50.7527111,6.0723481,1.07
2023-09-12T23:25:14.982,50.7527102,6.072356,1.045
2023-09-12T23:25:15.984,50.752714,6.0723516,1.082
2023-09-12T23:25:16.987,50.7527095,6.0723536,0.844
2023-09-12T23:25:17.990,50.7527212,6.0723545,1.215
2023-09-12T23:25:18.992,50.7527273,6.0723542,1.144
2023-09-12T23:25:19.994,50.7527383,6.0723496,0.955
2023-09-12T23:25:20.997,50.7527304,6.0723504,1.014
2023-09-12T23:25:21.999,50.7527247,6.0723492,1.26
2023-09-12T23:25:23.001,50.7527262,6.0723448,1.347
2023-09-12T23:25:24.003,50.7527217,6.07234,1.198
2023-09-12T23:25:25.005,50.7527264,6.0723393,1.251
2023-09-12T23:25:26.008,50.7527273,6.0723325,1.121
2023-09-12T23:25:27.010,50.7527295,6.072323,1.15
2023-09-12T23:25:28.014,50.7527352,6.0723169,1.401
2023-09-12T23:25:29.017,50.7527441,6.0723124,1.102
2023-09-12T23:25:30.022,50.7527395,6.0723104,1.161
2023-09-12T23:25:31.025,50.7527296,6.0723116,1.087
2023-09-12T23:25:32.027,50.7527335,6.0723097,1.22
2023-09-12T23:25:33.029,50.7527352,6.0723106,1.181
2023-09-12T23:25:34.031,50.7527311,6.0723133,1.178
2023-09-12T23:25:35.033,50.7527328,6.0723193,1.432
2023-09-12T23:25:36.035,50.7527361,6.0723234,1.051
2023-09-12T23:25:37.037,50.7527387,6.0723283,1.107
2023-09-12T23:25:38.038,50.7527456,6.0723314,0.986
2023-09-12T23:25:39.041,50.7527367,6.072344,1.121
2023-09-12T23:25:40.043,50.7527479,6.0723473,0.966
2023-09-12T23:25:41.045,50.7527467,6.0723466,1.068
2023-09-12T23:25:42.046,50.7527628,6.0723408,1.031
2023-09-12T23:25:43.047,50.7527689,6.0723408,1.299
2023-09-12T23:25:44.049,50.7527855,6.0723393,1.15
2023-09-12T23:25:45.051,50.7527896,6.072344,0.963
2023-09-12T23:25:46.053,50.7527948,6.0723445,0.98
2023-09-12T23:25:47.055,50.7527933,6.0723463,1.13
2023-09-12T23:25:48.058,50.7528011,6.0723481,0.957
2023-09-12T23:25:49.059,50.752801,6.0723485,1.008
2023-09-12T23:25:50.061,50.7528015,6.0723506,0.986
2023-09-12T23:25:51.062,50.7528053,6.0723478,1.068
2023-09-12T23:25:52.064,50.7528037,6.0723509,1.133
2023-09-12T23:25:53.065,50.752812,6.0723503,1.02
2023-09-12T23:25:54.067,50.7528202,6.0723469,1.039
2023-09-12T23:25:55.070,50.752826,6.0723451,1.195
2023-09-12T23:25:56.071,50.7528351,6.0723452,0.924
2023-09-12T23:25:57.073,50.752837,6.0723427,1.056
2023-09-12T23:25:58.075,50.752838,6.0723411,0.737
2023-09-12T23:25:59.076,50.7528343,6.0723435,0.935
2023-09-12T23:26:00.078,50.7528252,6.0723445,0.974
2023-09-12T23:26:01.079,50.7528204,6.0723475,1.212
2023-09-12T23:26:02.081,50.7528115,6.0723482,1.158
2023-09-12T23:26:03.083,50.7528015,6.0723532,1.022
2023-09-12T23:26:04.084,50.7527968,6.0723585,0.935
2023-09-12T23:26:05.086,50.7527821,6.0723691,1.037
2023-09-12T23:26:06.090,50.7527437,6.0723879,1.186
2023-09-12T23:26:07.091,50.7527211,6.0724034,0.983
2023-09-12T23:26:08.093,50.7527101,6.072413,0.977
2023-09-12T23:26:09.095,50.7527042,6.0724172,0.957
2023-09-12T23:26:10.095,50.7527003,6.0724207,0.912
2023-09-12T23:26:11.097,50.7526987,6.072423,1.09
2023-09-12T23:26:12.099,50.7526981,6.0724257,0.997
2023-09-12T23:26:13.101,50.7526997,6.0724301,0.822
2023-09-12T23:26:14.103,50.7526916,6.072437,0.904
2023-09-12T23:26:15.105,50.7526829,6.072443,0.833
2023-09-12T23:26:16.107,50.7526841,6.0724503,0.989
2023-09-12T23:26:17.109,50.7526798,6.0724449,0.839
2023-09-12T23:26:18.112,50.752686,6.072445,0.816
2023-09-12T23:26:19.114,50.7526838,6.0724465,1.017
2023-09-12T23:26:20.117,50.7526817,6.0724478,0.912
2023-09-12T23:26:21.119,50.7526702,6.0724489,1.152
2023-09-12T23:26:22.121,50.7526625,6.0724442,1.07
2023-09-12T23:26:23.123,50.7526541,6.0724473,1.045
2023-09-12T23:26:24.125,50.7526605,6.0724555,1.217
2023-09-12T23:26:25.127,50.7526563,6.0724664,1.017
2023-09-12T23:26:26.129,50.7526589,6.0724792,0.943
2023-09-12T23:26:27.131,50.752655,6.0724943,1.175
2023-09-12T23:26:28.133,50.7526431,6.0725019,1.0
2023-09-12T23:26:29.134,50.7526317,6.0725148,0.966
2023-09-12T23:26:30.137,50.7526074,6.0725246,0.887
2023-09-12T23:26:31.139,50.7526048,6.0725288,1.178
2023-09-12T23:26:32.142,50.7526117,6.0725173,1.181
2023-09-12T23:26:33.145,50.752609,6.0725167,0.943
2023-09-12T23:26:34.147,50.7526051,6.0725146,1.226
2023-09-12T23:26:35.149,50.7526114,6.0725061,1.271
2023-09-12T23:26:36.150,50.7525955,6.0725122,1.22
2023-09-12T23:26:37.153,50.7525803,6.0725288,1.014
2023-09-12T23:26:38.156,50.7525769,6.0725253,1.031
2023-09-12T23:26:39.161,50.7525656,6.0725312,1.11
2023-09-12T23:26:40.164,50.752547,6.0725375,1.333
2023-09-12T23:26:41.168,50.7525404,6.0725414,1.452
2023-09-12T23:26:42.170,50.7525382,6.0725428,1.223
2023-09-12T23:26:43.173,50.7525203,6.0725506,1.141
2023-09-12T23:26:44.175,50.7525014,6.0725566,1.308
2023-09-12T23:26:45.178,50.7524996,6.0725553,1.328
2023-09-12T23:26:46.181,50.7524949,6.0725503,1.065
2023-09-12T23:26:47.184,50.7524878,6.0725458,1.274
2023-09-12T23:26:48.189,50.7524784,6.0725439,1.155
2023-09-12T23:26:49.192,50.7524765,6.0725442,1.313
2023-09-12T23:26:50.195,50.752483,6.0725448,0.989
2023-09-12T23:26:51.199,50.7524955,6.072538,1.164
2023-09-12T23:26:52.201,50.752506,6.072536,1.24
2023-09-12T23:26:53.204,50.7524992,6.0725465,1.158
2023-09-12T23:26:54.208,50.7525147,6.0725389,1.215
2023-09-12T23:26:55.210,50.7525269,6.0725259,1.243
2023-09-12T23:26:56.213,50.7525309,6.0725213,1.226
2023-09-12T23:26:57.217,50.7525419,6.0725151,1.209
2023-09-12T23:26:58.220,50.7525583,6.0725124,1.155
2023-09-12T23:26:59.223,50.7525667,6.0725172,1.189
2023-09-12T23:27:00.226,50.7525697,6.072513,1.356
2023-09-12T23:27:01.230,50.752587,6.072516,1.135
2023-09-12T23:27:02.233,50.7525962,6.0725179,1.09
2023-09-12T23:27:03.235,50.7526257,6.072511,1.025
2023-09-12T23:27:04.237,50.7526626,6.0724898,1.186
2023-09-12T23:27:05.239,50.7526771,6.0724735,1.135
2023-09-12T23:27:06.241,50.7526959,6.0724627,1.186
2023-09-12T23:27:07.244,50.752706,6.0724525,1.152
2023-09-12T23:27:08.247,50.7527184,6.0724497,1.198
2023-09-12T23:27:09.250,50.7527499,6.072435,1.147
2023-09-12T23:27:10.254,50.7527572,6.0724239,0.952
2023-09-12T23:27:11.257,50.752762,6.0724206,1.102
2023-09-12T23:27:12.259,50.7527509,6.0724264,1.203
2023-09-12T23:27:13.263,50.7527453,6.0724265,1.079
2023-09-12T23:27:14.269,50.7527539,6.0724176,1.042
2023-09-12T23:27:15.272,50.7527544,6.0724139,1.175
2023-09-12T23:27:16.277,50.7527414,6.0724073,1.203
2023-09-12T23:27:17.281,50.7527246,6.0724163,0.946
2023-09-12T23:27:18.286,50.752705,6.0724257,1.257
2023-09-12T23:27:19.288,50.7526991,6.0724223,1.138
2023-09-12T23:27:20.291,50.7526977,6.0724203,1.079
2023-09-12T23:27:21.295,50.7527106,6.0724014,1.085
2023-09-12T23:27:22.297,50.7527134,6.0723937,0.926
2023-09-12T23:27:23.299,50.7527142,6.0723919,0.935
2023-09-12T23:27:24.300,50.7527134,6.0723866,1.028
2023-09-12T23:27:25.303,50.7527157,6.0723845,1.243
2023-09-12T23:27:26.306,50.7527021,6.0723901,1.412
2023-09-12T23:27:27.310,50.7527053,6.0723851,1.102
2023-09-12T23:27:28.311,50.7526869,6.0723913,1.11
2023-09-12T23:27:29.313,50.7526735,6.0723876,1.076
2023-09-12T23:27:30.315,50.7526764,6.0723835,1.215
2023-09-12T23:27:31.317,50.7526841,6.0723782,1.189
2023-09-12T23:27:32.319,50.7526706,6.0723791,1.11
2023-09-12T23:27:33.321,50.752665,6.0723881,1.254
2023-09-12T23:27:34.322,50.752668,6.0723746,1.107
2023-09-12T23:27:35.324,50.7526741,6.0723655,1.164
2023-09-12T23:27:36.325,50.7526804,6.0723534,1.277
2023-09-12T23:27:37.327,50.7526681,6.0723608,0.935
2023-09-12T23:27:38.328,50.7526588,6.0723487,1.299
2023-09-12T23:27:39.330,50.7526612,6.0723357,1.127
2023-09-12T23:27:40.332,50.7526612,6.0723252,1.339
2023-09-12T23:27:41.334,50.752664,6.0723192,1.305
2023-09-12T23:27:42.335,50.7526722,6.0723023,1.277
2023-09-12T23:27:43.337,50.75267,6.0723046,1.265
2023-09-12T23:27:44.339,50.7526717,6.0723086,1.294
2023-09-12T23:27:45.340,50.7526659,6.0723231,1.22
2023-09-12T23:27:46.342,50.7526753,6.072313,1.164
2023-09-12T23:27:47.344,50.7526869,6.0723068,1.121
2023-09-12T23:27:48.345,50.7526907,6.0723056,1.138
2023-09-12T23:27:49.347,50.7527012,6.0722941,1.523
2023-09-12T23:27:50.348,50.7526978,6.0722973,1.178
2023-09-12T23:27:51.350,50.7526892,6.0723023,1.2
2023-09-12T23:27:52.351,50.7526864,6.0723004,0.921
2023-09-12T23:27:53.353,50.7526723,6.0723084,1.237
2023-09-12T23:27:54.355,50.7526713,6.0723058,1.234
2023-09-12T23:27:55.357,50.7526709,6.07231,1.215
2023-09-12T23:27:56.358,50.7526565,6.072319,1.028
2023-09-12T23:27:57.360,50.7526571,6.0723134,1.124
2023-09-12T23:27:58.362,50.752673,6.0723056,1.172
2023-09-12T23:27:59.363,50.7526685,6.0723118,0.991
2023-09-12T23:28:00.365,50.7526355,6.0723272,1.248
2023-09-12T23:28:01.367,50.7526371,6.0723254,1.087
2023-09-12T23:28:02.368,50.7525541,6.0723932,1.186
2023-09-12T23:28:03.370,50.7524724,6.0724631,1.277
2023-09-12T23:28:04.371,50.7524217,6.0725278,1.429
2023-09-12T23:28:05.373,50.7523754,6.0725697,1.311
2023-09-12T23:28:06.374,50.7523315,6.0725998,1.113
2023-09-12T23:28:07.377,50.7523009,6.072634,1.412
2023-09-12T23:28:08.378,50.7522884,6.0726389,1.429
2023-09-12T23:28:09.379,50.7522663,6.072674,1.322
2023-09-12T23:28:10.381,50.7522597,6.0726934,1.446
2023-09-12T23:28:11.383,50.7522537,6.0726965,1.477
2023-09-12T23:28:12.385,50.7522437,6.07271,1.226
2023-09-12T23:28:13.387,50.7522344,6.0727443,1.381
2023-09-12T23:28:14.389,50.7522172,6.0727807,1.308
2023-09-12T23:28:15.391,50.752282,6.0727523,1.26
2023-09-12T23:28:16.393,50.7522916,6.0727485,1.254
2023-09-12T23:28:17.396,50.7523474,6.0726876,1.297
2023-09-12T23:28:18.399,50.7523852,6.0726677,1.424
2023-09-12T23:28:19.403,50.7524416,6.0726266,1.472
2023-09-12T23:28:20.405,50.7524761,6.0725853,1.33
2023-09-12T23:28:21.407,50.7525049,6.0725548,1.059
2023-09-12T23:28:22.409,50.7525185,6.0725312,1.528
2023-09-12T23:28:23.412,50.7525412,6.0725023,1.237
2023-09-12T23:28:24.414,50.7525516,6.0724966,1.186
2023-09-12T23:28:25.417,50.7525479,6.0725018,1.342
2023-09-12T23:28:26.420,50.7525839,6.0724684,1.274
2023-09-12T23:28:27.422,50.752624,6.0724268,1.164
2023-09-12T23:28:28.425,50.7525779,6.0725095,1.28
2023-09-12T23:28:29.427,50.7525967,6.0725063,1.181
2023-09-12T23:28:30.430,50.7526354,6.0724677,0.983
2023-09-12T23:28:31.432,50.7526313,6.0724797,1.022
2023-09-12T23:28:32.436,50.7526396,6.0724864,1.243
2023-09-12T23:28:33.440,50.7527931,6.0723288,1.263
2023-09-12T23:28:34.443,50.752883,6.0722413,1.198
2023-09-12T23:28:35.445,50.7529368,6.072186,1.161
2023-09-12T23:28:36.447,50.7529815,6.0721609,1.07
2023-09-12T23:28:37.450,50.7529815,6.0721609,1.268
2023-09-12T23:28:38.452,50.7529815,6.0721609,1.313
2023-09-12T23:28:39.455,50.7529815,6.0721609,1.28
2023-09-12T23:28:40.458,50.7529815,6.0721609,1.144
2023-09-12T23:28:41.460,50.7531973,6.0722755,1.152
2023-09-12T23:28:42.463,50.7532845,6.0723056,1.274
2023-09-12T23:28:43.466,50.7533147,6.0723231,1.395
2023-09-12T23:28:44.470,50.7533239,6.0723267,1.217
2023-09-12T23:28:45.476,50.7533388,6.0723177,1.183
2023-09-12T23:28:46.479,50.7533467,6.0722964,1.056
2023-09-12T23:28:47.482,50.7533503,6.0722972,1.328
2023-09-12T23:28:48.485,50.7533564,6.0722673,1.291
2023-09-12T23:28:49.488,50.753384,6.0721794,1.387
2023-09-12T23:28:50.492,50.7533698,6.0722283,1.147
2023-09-12T23:28:51.496,50.7533846,6.0721936,1.203
2023-09-12T23:28:52.498,50.7533631,6.0722189,1.28
2023-09-12T23:28:53.500,50.7533501,6.0722152,1.181
2023-09-12T23:28:54.503,50.7533432,6.07222,1.079
2023-09-12T23:28:55.505,50.7533197,6.0722343,1.378
2023-09-12T23:28:56.508,50.7533247,6.0721642,1.226
2023-09-12T23:28:57.512,50.7533232,6.0720979,1.387
2023-09-12T23:28:58.515,50.7532966,6.0720776,1.217
2023-09-12T23:28:59.518,50.753298,6.0720346,1.353
2023-09-12T23:29:00.521,50.7532707,6.0720518,1.559
2023-09-12T23:29:01.525,50.7532517,6.0720582,1.291
2023-09-12T23:29:02.528,50.7532318,6.0720505,1.446
2023-09-12T23:29:03.531,50.7531728,6.0720809,1.426
2023-09-12T23:29:04.535,50.7530605,6.072187,1.277
2023-09-12T23:29:05.538,50.7529694,6.0722654,1.144
2023-09-12T23:29:06.539,50.7529545,6.0722732,1.186
2023-09-12T23:29:07.542,50.7529034,6.0722782,1.376
2023-09-12T23:29:08.544,50.7528802,6.0722897,1.167
2023-09-12T23:29:09.546,50.7528599,6.0723062,1.494
2023-09-12T23:29:10.549,50.7528355,6.0723138,1.237
2023-09-12T23:29:11.552,50.7528092,6.0723171,1.319
2023-09-12T23:29:12.554,50.7527792,6.0723237,1.333
2023-09-12T23:29:13.556,50.7527687,6.0723216,1.393
2023-09-12T23:29:14.557,50.7528003,6.0723027,1.438
2023-09-12T23:29:15.559,50.752776,6.0723335,1.234
2023-09-12T23:29:16.561,50.7527518,6.0723361,1.511
2023-09-12T23:29:17.562,50.7527469,6.0723359,1.398
2023-09-12T23:29:18.564,50.7527532,6.0723193,1.412
2023-09-12T23:29:19.566,50.7527679,6.0722922,1.35
2023-09-12T23:29:20.567,50.7527456,6.0722884,1.333
2023-09-12T23:29:21.569,50.7527422,6.0722801,1.243
2023-09-12T23:29:22.571,50.7527433,6.0722868,1.542
2023-09-12T23:29:23.573,50.752752,6.0722875,1.554
2023-09-12T23:29:24.574,50.7527514,6.0722637,1.291
2023-09-12T23:29:25.576,50.7527616,6.0722598,1.274
2023-09-12T23:29:26.577,50.7527752,6.0722554,1.475
2023-09-12T23:29:27.581,50.7527812,6.0722444,1.475
2023-09-12T23:29:28.582,50.7527814,6.0722443,1.497
2023-09-12T23:29:29.583,50.7527848,6.0722616,1.288
2023-09-12T23:29:30.585,50.7527956,6.0722468,1.316
2023-09-12T23:29:31.586,50.7527946,6.0722321,1.265
2023-09-12T23:29:32.587,50.7527965,6.0722171,1.311
2023-09-12T23:29:33.589,50.7527967,6.0722075,1.415
2023-09-12T23:29:34.590,50.7527962,6.0722027,1.534
2023-09-12T23:29:35.591,50.7527913,6.0722054,1.525
2023-09-12T23:29:36.593,50.7527853,6.0722072,1.511
2023-09-12T23:29:37.594,50.7527786,6.07221,1.347
2023-09-12T23:29:38.596,50.7527745,6.0722123,1.573
2023-09-12T23:29:39.597,50.7527731,6.0722113,1.619
2023-09-12T23:29:40.599,50.7527756,6.0722124,1.435
2023-09-12T23:29:41.601,50.7527807,6.0722051,1.534
2023-09-12T23:29:42.602,50.7527824,6.0722008,1.582
2023-09-12T23:29:43.603,50.752786,6.0722034,1.381
2023-09-12T23:29:44.605,50.7527802,6.0722094,1.624
2023-09-12T23:29:45.606,50.752773,6.0722144,1.39
2023-09-12T23:29:46.609,50.7527734,6.0722044,1.407
2023-09-12T23:29:47.610,50.7527724,6.0722043,1.599
2023-09-12T23:29:48.612,50.7527683,6.0722092,1.353
2023-09-12T23:29:49.613,50.7527754,6.0722057,1.404
2023-09-12T23:29:50.615,50.7527744,6.0722123,1.475
2023-09-12T23:29:51.617,50.752771,6.0722197,1.387
2023-09-12T23:29:52.618,50.7527746,6.0722242,1.373
2023-09-12T23:29:53.620,50.7527774,6.0722239,1.33
2023-09-12T23:29:54.621,50.7527632,6.0722316,1.655
2023-09-12T23:29:55.623,50.7527548,6.0722383,1.52
2023-09-12T23:29:56.624,50.7527453,6.0722408,1.525
2023-09-12T23:29:57.626,50.7527439,6.0722465,1.5
2023-09-12T23:29:58.627,50.7527414,6.072247,1.319
2023-09-12T23:29:59.630,50.752745,6.0722407,1.294
2023-09-12T23:30:00.632,50.7527391,6.072241,1.506
2023-09-12T23:30:01.633,50.7527402,6.0722414,1.251
2023-09-12T23:30:02.635,50.7527398,6.0722431,1.528
2023-09-12T23:30:03.637,50.7527379,6.072244,1.658
2023-09-12T23:30:04.638,50.7527329,6.0722421,1.605
2023-09-12T23:30:05.640,50.7527319,6.072244,1.446
2023-09-12T23:30:06.641,50.7527252,6.0722477,1.322
2023-09-12T23:30:07.643,50.752722,6.0722507,1.489
2023-09-12T23:30:08.644,50.7527229,6.0722565,1.528
2023-09-12T23:30:09.647,50.7527197,6.0722584,1.39
2023-09-12T23:30:10.648,50.7527173,6.0722597,1.353
2023-09-12T23:30:11.650,50.7527166,6.0722597,1.494
2023-09-12T23:30:12.651,50.752716,6.0722623,1.319
2023-09-12T23:30:13.653,50.752721,6.0722574,1.819
2023-09-12T23:30:14.656,50.752722,6.0722586,1.376
2023-09-12T23:30:15.658,50.752723,6.0722632,1.613
2023-09-12T23:30:16.660,50.752723,6.0722688,1.686
2023-09-12T23:30:17.662,50.7527262,6.0722814,1.367
2023-09-12T23:30:18.665,50.7527292,6.0722864,1.215
2023-09-12T23:30:19.667,50.752731,6.072292,1.364
2023-09-12T23:30:20.669,50.7527308,6.0722884,1.449
2023-09-12T23:30:21.671,50.7527268,6.0722856,1.508
2023-09-12T23:30:22.673,50.7527258,6.0722863,1.195
2023-09-12T23:30:23.676,50.752724,6.0722876,1.424
2023-09-12T23:30:24.678,50.75272,6.0722905,1.424
2023-09-12T23:30:25.681,50.7527151,6.072294,1.373
2023-09-12T23:30:26.683,50.7527073,6.0722978,1.395
2023-09-12T23:30:27.688,50.7527015,6.072306,1.265
2023-09-12T23:30:28.691,50.7526847,6.0723123,1.435
2023-09-12T23:30:29.695,50.7526844,6.072318,1.455
2023-09-12T23:30:30.696,50.7526866,6.0723211,1.528
